      chi2_min,       h,        OmegaM,           OmegaK, 
29.2811 , 0.70189 , 0.25932 , 0.0673887 , 
