Phenomenon  ,    x       ,    z       ,    t [Myr] ,   r_s [Mpc],
Last scattering  , -6.98776 , 1082.29 , 0.376503 , 0.0665927 , 
Recombination    , -6.98549 , 1079.83 , 0.377947 , 0.066848 , 
Saha             , -7.14036 , 1260.89 , 0.29088 , 0.0514503 , 
