Phenomenon  ,    x       ,    z       ,    t [Myr] ,   r_s [Mpc],
Last scattering  , -6.98534 , 1079.67 , 0.378042 , 145.307 , 
Recombination    , -6.98549 , 1079.83 , 0.377947 , 145.292 , 
Saha             , -7.14036 , 1260.89 , 0.29088 , 131.032 , 
