Phenomenon  ,    x       ,    z       ,    t [Myr] ,   r_s [Mpc],
Last scattering  , -6.98533 , 1079.66 , 0.378049 , 145.308 , 
Recombination    , -6.98549 , 1079.83 , 0.377947 , 145.292 , 
Saha             , -7.14035 , 1260.87 , 0.290888 , 131.034 , 
