Phenomenon  ,    x       ,    z       ,    t [Myr] ,   r_s [Mpc],
Last scattering  , -6.98469 , 1078.97 , 0.410903 , 163.959 , 
Recombination    , -6.98855 , 1083.15 , 0.408323 , 163.572 , 
Saha             , -7.14035 , 1260.87 , 0.318378 , 148.812 , 
