Phenomenon  ,    x       ,    z       ,    t [Myr] ,   r_s [Gyr],
Last scattering  , -6.98776 , 1082.29 , 0.376503 , 55394.8 , 
Recombination    , -6.98549 , 1079.83 , 0.377947 , 55590.6 , 
Saha             , -7.14036 , 1260.89 , 0.29088 , 43620.6 , 
